timestamp,event,track_id,current_occupancy,entries_today,exits_today
2026-09-14 23:04:35,exit,8,0,0,1
2026-09-14 23:10:07,entry,10,1,1,1
2026-09-14 23:12:37,visible_count,camera,0,1,1
2026-09-14 23:12:37,visible_count,camera,0,1,1
2026-09-14 23:12:37,visible_count,camera,1,1,1
2026-09-14 23:12:38,visible_count,camera,1,1,1
2026-09-14 23:12:38,visible_count,camera,1,1,1
2026-09-14 23:12:38,visible_count,camera,1,1,1
2026-09-14 23:12:38,visible_count,camera,1,1,1
2026-09-14 23:12:38,visible_count,camera,1,1,1
2026-09-14 23:12:38,visible_count,camera,1,1,1
2026-09-14 23:12:38,visible_count,camera,1,1,1
2026-09-14 23:12:38,visible_count,camera,1,1,1
2026-09-14 23:12:38,visible_count,camera,1,1,1
2026-09-14 23:12:38,visible_count,camera,1,1,1
2026-09-14 23:12:38,visible_count,camera,1,1,1
2026-09-14 23:12:38,visible_count,camera,1,1,1
2026-09-14 23:12:38,visible_count,camera,1,1,1
2026-09-14 23:12:38,visible_count,camera,1,1,1
2026-09-14 23:12:38,visible_count,camera,1,1,1
2026-09-14 23:12:38,visible_count,camera,1,1,1
2026-09-14 23:12:38,visible_count,camera,1,1,1
2026-09-14 23:12:38,visible_count,camera,1,1,1
2026-09-14 23:12:39,visible_count,camera,1,1,1
2026-09-14 23:12:39,visible_count,camera,1,1,1
2026-09-14 23:12:39,visible_count,camera,1,1,1
2026-09-14 23:12:39,visible_count,camera,1,1,1
2026-09-14 23:12:39,visible_count,camera,1,1,1
2026-09-14 23:12:39,visible_count,camera,1,1,1
2026-09-14 23:12:39,visible_count,camera,1,1,1
2026-09-14 23:12:39,visible_count,camera,1,1,1
2026-09-14 23:12:39,visible_count,camera,1,1,1
2026-09-14 23:12:39,visible_count,camera,1,1,1
2026-09-14 23:12:39,visible_count,camera,1,1,1
2026-09-14 23:12:39,visible_count,camera,1,1,1
2026-09-14 23:12:39,visible_count,camera,1,1,1
2026-09-14 23:12:39,visible_count,camera,1,1,1
2026-09-14 23:12:39,visible_count,camera,1,1,1
2026-09-14 23:12:39,visible_count,camera,1,1,1
2026-09-14 23:12:39,visible_count,camera,1,1,1
2026-09-14 23:12:39,visible_count,camera,1,1,1
2026-09-14 23:12:39,visible_count,camera,1,1,1
2026-09-14 23:12:40,visible_count,camera,1,1,1
2026-09-14 23:12:40,visible_count,camera,1,1,1
2026-09-14 23:12:40,visible_count,camera,1,1,1
2026-09-14 23:12:40,visible_count,camera,1,1,1
2026-09-14 23:12:40,visible_count,camera,1,1,1
2026-09-14 23:12:40,visible_count,camera,1,1,1
2026-09-14 23:12:40,visible_count,camera,1,1,1
2026-09-14 23:12:40,visible_count,camera,1,1,1
2026-09-14 23:12:40,visible_count,camera,1,1,1
2026-09-14 23:12:40,visible_count,camera,1,1,1
2026-09-14 23:12:40,visible_count,camera,1,1,1
2026-09-14 23:12:40,visible_count,camera,1,1,1
2026-09-14 23:12:40,visible_count,camera,1,1,1
2026-09-14 23:12:40,visible_count,camera,1,1,1
2026-09-14 23:12:40,visible_count,camera,1,1,1
2026-09-14 23:12:40,visible_count,camera,1,1,1
2026-09-14 23:12:41,visible_count,camera,1,1,1
2026-09-14 23:12:41,visible_count,camera,1,1,1
2026-09-14 23:12:41,visible_count,camera,1,1,1
2026-09-14 23:12:41,visible_count,camera,1,1,1
2026-09-14 23:12:41,visible_count,camera,1,1,1
2026-09-14 23:12:41,visible_count,camera,1,1,1
2026-09-14 23:12:41,visible_count,camera,1,1,1
2026-09-14 23:12:41,visible_count,camera,1,1,1
2026-09-14 23:12:41,visible_count,camera,1,1,1
2026-09-14 23:12:41,visible_count,camera,1,1,1
2026-09-14 23:12:41,visible_count,camera,1,1,1
2026-09-14 23:12:41,visible_count,camera,1,1,1
2026-09-14 23:12:41,visible_count,camera,1,1,1
2026-09-14 23:12:41,visible_count,camera,1,1,1
2026-09-14 23:12:41,visible_count,camera,1,1,1
2026-09-14 23:12:41,visible_count,camera,1,1,1
2026-09-14 23:12:41,visible_count,camera,1,1,1
2026-09-14 23:12:41,visible_count,camera,1,1,1
2026-09-14 23:12:42,visible_count,camera,1,1,1
2026-09-14 23:12:42,visible_count,camera,1,1,1
2026-09-14 23:12:42,visible_count,camera,1,1,1
2026-09-14 23:12:42,visible_count,camera,1,1,1
2026-09-14 23:12:42,visible_count,camera,1,1,1
2026-09-14 23:12:42,visible_count,camera,1,1,1
2026-09-14 23:12:42,visible_count,camera,1,1,1
2026-09-14 23:12:42,visible_count,camera,1,1,1
2026-09-14 23:12:42,visible_count,camera,1,1,1
2026-09-14 23:12:42,visible_count,camera,1,1,1
2026-09-14 23:12:42,visible_count,camera,1,1,1
2026-09-14 23:12:42,visible_count,camera,1,1,1
2026-09-14 23:12:42,visible_count,camera,1,1,1
2026-09-14 23:12:42,visible_count,camera,1,1,1
2026-09-14 23:12:42,visible_count,camera,1,1,1
2026-09-14 23:12:42,visible_count,camera,1,1,1
2026-09-14 23:12:42,visible_count,camera,1,1,1
2026-09-14 23:12:42,visible_count,camera,1,1,1
2026-09-14 23:12:42,visible_count,camera,1,1,1
2026-09-14 23:12:43,visible_count,camera,1,1,1
2026-09-14 23:12:43,visible_count,camera,1,1,1
2026-09-14 23:12:43,visible_count,camera,1,1,1
2026-09-14 23:12:43,visible_count,camera,1,1,1
2026-09-14 23:12:43,visible_count,camera,1,1,1
2026-09-14 23:12:43,visible_count,camera,1,1,1
2026-09-14 23:12:43,visible_count,camera,1,1,1
2026-09-14 23:12:43,visible_count,camera,1,1,1
2026-09-14 23:12:43,visible_count,camera,1,1,1
2026-09-14 23:12:43,visible_count,camera,1,1,1
2026-09-14 23:12:43,visible_count,camera,1,1,1
2026-09-14 23:12:43,visible_count,camera,1,1,1
2026-09-14 23:12:43,visible_count,camera,1,1,1
2026-09-14 23:12:43,visible_count,camera,1,1,1
2026-09-14 23:12:43,visible_count,camera,1,1,1
2026-09-14 23:12:43,visible_count,camera,1,1,1
2026-09-14 23:12:43,visible_count,camera,1,1,1
2026-09-14 23:12:43,visible_count,camera,1,1,1
2026-09-14 23:12:43,visible_count,camera,1,1,1
2026-09-14 23:12:43,visible_count,camera,1,1,1
2026-09-14 23:12:44,visible_count,camera,1,1,1
2026-09-14 23:12:44,visible_count,camera,1,1,1
2026-09-14 23:12:44,visible_count,camera,1,1,1
2026-09-14 23:12:44,visible_count,camera,1,1,1
2026-09-14 23:12:44,visible_count,camera,1,1,1
2026-09-14 23:12:44,visible_count,camera,1,1,1
2026-09-14 23:12:44,visible_count,camera,1,1,1
2026-09-14 23:12:44,visible_count,camera,1,1,1
2026-09-14 23:12:44,visible_count,camera,1,1,1
2026-09-14 23:12:44,visible_count,camera,1,1,1
2026-09-14 23:12:44,visible_count,camera,1,1,1
2026-09-14 23:12:44,visible_count,camera,1,1,1
2026-09-14 23:12:44,visible_count,camera,1,1,1
2026-09-14 23:12:44,visible_count,camera,1,1,1
2026-09-14 23:12:44,visible_count,camera,1,1,1
2026-09-14 23:12:44,visible_count,camera,1,1,1
2026-09-14 23:12:44,visible_count,camera,1,1,1
2026-09-14 23:12:44,visible_count,camera,1,1,1
2026-09-14 23:12:45,visible_count,camera,1,1,1
2026-09-14 23:12:45,visible_count,camera,1,1,1
2026-09-14 23:12:45,visible_count,camera,1,1,1
2026-09-14 23:12:45,visible_count,camera,1,1,1
2026-09-14 23:12:45,visible_count,camera,1,1,1
2026-09-14 23:12:45,visible_count,camera,1,1,1
2026-09-14 23:12:45,visible_count,camera,1,1,1
2026-09-14 23:12:45,visible_count,camera,1,1,1
2026-09-14 23:12:45,visible_count,camera,1,1,1
2026-09-14 23:12:45,visible_count,camera,1,1,1
2026-09-14 23:12:45,visible_count,camera,1,1,1
2026-09-14 23:12:45,visible_count,camera,1,1,1
2026-09-14 23:12:45,visible_count,camera,1,1,1
2026-09-14 23:12:45,visible_count,camera,1,1,1
2026-09-14 23:12:45,visible_count,camera,1,1,1
2026-09-14 23:12:45,visible_count,camera,1,1,1
2026-09-14 23:12:45,visible_count,camera,1,1,1
2026-09-14 23:12:45,visible_count,camera,1,1,1
2026-09-14 23:12:45,visible_count,camera,1,1,1
2026-09-14 23:12:46,visible_count,camera,1,1,1
2026-09-14 23:12:46,visible_count,camera,1,1,1
2026-09-14 23:12:46,visible_count,camera,1,1,1
2026-09-14 23:12:46,visible_count,camera,1,1,1
2026-09-14 23:12:46,visible_count,camera,1,1,1
2026-09-14 23:12:46,visible_count,camera,1,1,1
2026-09-14 23:12:46,visible_count,camera,1,1,1
2026-09-14 23:12:46,visible_count,camera,1,1,1
2026-09-14 23:12:46,visible_count,camera,1,1,1
2026-09-14 23:12:46,visible_count,camera,1,1,1
2026-09-14 23:12:46,visible_count,camera,1,1,1
2026-09-14 23:12:46,visible_count,camera,1,1,1
2026-09-14 23:12:46,visible_count,camera,1,1,1
2026-09-14 23:12:46,visible_count,camera,1,1,1
2026-09-14 23:12:46,visible_count,camera,1,1,1
2026-09-14 23:12:46,visible_count,camera,1,1,1
2026-09-14 23:12:46,visible_count,camera,1,1,1
2026-09-14 23:12:46,visible_count,camera,1,1,1
2026-09-14 23:12:46,visible_count,camera,1,1,1
2026-09-14 23:12:47,visible_count,camera,1,1,1
2026-09-14 23:12:47,visible_count,camera,1,1,1
2026-09-14 23:12:47,visible_count,camera,1,1,1
2026-09-14 23:12:47,visible_count,camera,1,1,1
2026-09-14 23:12:47,visible_count,camera,1,1,1
2026-09-14 23:12:47,visible_count,camera,1,1,1
2026-09-14 23:12:47,visible_count,camera,1,1,1
2026-09-14 23:12:47,visible_count,camera,1,1,1
2026-09-14 23:12:47,visible_count,camera,1,1,1
2026-09-14 23:12:47,visible_count,camera,1,1,1
2026-09-14 23:12:47,visible_count,camera,1,1,1
2026-09-14 23:12:47,visible_count,camera,1,1,1
2026-09-14 23:12:47,visible_count,camera,1,1,1
2026-09-14 23:12:47,visible_count,camera,1,1,1
2026-09-14 23:12:47,visible_count,camera,1,1,1
2026-09-14 23:12:47,visible_count,camera,1,1,1
2026-09-14 23:12:47,visible_count,camera,1,1,1
2026-09-14 23:12:47,visible_count,camera,1,1,1
2026-09-14 23:12:48,visible_count,camera,1,1,1
2026-09-14 23:12:48,visible_count,camera,1,1,1
2026-09-14 23:12:48,visible_count,camera,1,1,1
2026-09-14 23:12:48,visible_count,camera,1,1,1
2026-09-14 23:12:48,visible_count,camera,1,1,1
2026-09-14 23:12:48,visible_count,camera,1,1,1
2026-09-14 23:12:48,visible_count,camera,1,1,1
2026-09-14 23:12:48,visible_count,camera,1,1,1
2026-09-14 23:12:48,visible_count,camera,1,1,1
2026-09-14 23:12:48,visible_count,camera,1,1,1
2026-09-14 23:12:48,visible_count,camera,1,1,1
2026-09-14 23:12:48,visible_count,camera,1,1,1
2026-09-14 23:12:48,visible_count,camera,1,1,1
2026-09-14 23:12:48,visible_count,camera,1,1,1
2026-09-14 23:12:48,visible_count,camera,1,1,1
2026-09-14 23:12:48,visible_count,camera,1,1,1
2026-09-14 23:12:48,visible_count,camera,1,1,1
2026-09-14 23:12:48,visible_count,camera,1,1,1
2026-09-14 23:12:48,visible_count,camera,1,1,1
2026-09-14 23:12:48,visible_count,camera,1,1,1
2026-09-14 23:12:49,visible_count,camera,1,1,1
2026-09-14 23:12:49,visible_count,camera,1,1,1
2026-09-14 23:12:49,visible_count,camera,1,1,1
2026-09-14 23:12:49,visible_count,camera,1,1,1
2026-09-14 23:12:49,visible_count,camera,1,1,1
2026-09-14 23:12:49,visible_count,camera,1,1,1
2026-09-14 23:12:49,visible_count,camera,1,1,1
2026-09-14 23:12:49,visible_count,camera,1,1,1
2026-09-14 23:12:49,visible_count,camera,1,1,1
2026-09-14 23:12:49,visible_count,camera,1,1,1
2026-09-14 23:12:49,visible_count,camera,1,1,1
2026-09-14 23:12:49,visible_count,camera,1,1,1
2026-09-14 23:12:49,visible_count,camera,1,1,1
2026-09-14 23:12:49,visible_count,camera,1,1,1
2026-09-14 23:12:49,visible_count,camera,1,1,1
2026-09-14 23:12:49,visible_count,camera,1,1,1
2026-09-14 23:12:49,visible_count,camera,1,1,1
2026-09-14 23:12:49,visible_count,camera,1,1,1
2026-09-14 23:12:49,visible_count,camera,1,1,1
2026-09-14 23:12:50,visible_count,camera,1,1,1
2026-09-14 23:12:50,visible_count,camera,1,1,1
2026-09-14 23:12:50,visible_count,camera,1,1,1
2026-09-14 23:12:50,visible_count,camera,1,1,1
2026-09-14 23:12:50,visible_count,camera,1,1,1
2026-09-14 23:12:50,visible_count,camera,1,1,1
2026-09-14 23:12:50,visible_count,camera,1,1,1
2026-09-14 23:12:50,visible_count,camera,1,1,1
2026-09-14 23:12:50,visible_count,camera,1,1,1
2026-09-14 23:12:50,visible_count,camera,1,1,1
2026-09-14 23:12:50,visible_count,camera,1,1,1
2026-09-14 23:12:50,visible_count,camera,1,1,1
2026-09-14 23:12:50,visible_count,camera,1,1,1
2026-09-14 23:12:50,visible_count,camera,1,1,1
2026-09-14 23:12:50,visible_count,camera,1,1,1
2026-09-14 23:12:50,visible_count,camera,0,1,1
2026-09-14 23:12:50,visible_count,camera,0,1,1
2026-09-14 23:12:50,visible_count,camera,0,1,1
2026-09-14 23:12:50,visible_count,camera,0,1,1
2026-09-14 23:12:51,visible_count,camera,0,1,1
2026-09-14 23:12:51,visible_count,camera,0,1,1
2026-09-14 23:12:51,visible_count,camera,0,1,1
2026-09-14 23:12:51,visible_count,camera,0,1,1
2026-09-14 23:12:51,visible_count,camera,0,1,1
2026-09-14 23:12:51,visible_count,camera,0,1,1
2026-09-14 23:12:51,visible_count,camera,0,1,1
2026-09-14 23:12:51,visible_count,camera,0,1,1
2026-09-14 23:12:51,visible_count,camera,0,1,1
2026-09-14 23:12:51,visible_count,camera,0,1,1
2026-09-14 23:12:51,visible_count,camera,0,1,1
2026-09-14 23:12:51,visible_count,camera,0,1,1
2026-09-14 23:12:51,visible_count,camera,0,1,1
2026-09-14 23:12:51,visible_count,camera,0,1,1
2026-09-14 23:12:51,visible_count,camera,0,1,1
2026-09-14 23:12:51,visible_count,camera,0,1,1
2026-09-14 23:12:51,visible_count,camera,0,1,1
2026-09-14 23:12:51,visible_count,camera,0,1,1
2026-09-14 23:12:51,visible_count,camera,0,1,1
2026-09-14 23:12:51,visible_count,camera,0,1,1
2026-09-14 23:12:51,visible_count,camera,0,1,1
2026-09-14 23:12:52,visible_count,camera,0,1,1
2026-09-14 23:12:52,visible_count,camera,0,1,1
2026-09-14 23:12:52,visible_count,camera,0,1,1
2026-09-14 23:12:52,visible_count,camera,0,1,1
2026-09-14 23:12:52,visible_count,camera,0,1,1
2026-09-14 23:12:52,visible_count,camera,0,1,1
2026-09-14 23:12:52,visible_count,camera,0,1,1
2026-09-14 23:12:52,visible_count,camera,0,1,1
2026-09-14 23:12:52,visible_count,camera,0,1,1
2026-09-14 23:12:52,visible_count,camera,0,1,1
2026-09-14 23:12:52,visible_count,camera,0,1,1
2026-09-14 23:12:52,visible_count,camera,0,1,1
2026-09-14 23:12:52,visible_count,camera,0,1,1
2026-09-14 23:12:52,visible_count,camera,0,1,1
2026-09-14 23:12:52,visible_count,camera,0,1,1
2026-09-14 23:12:52,visible_count,camera,0,1,1
2026-09-14 23:12:52,visible_count,camera,0,1,1
2026-09-14 23:12:52,visible_count,camera,0,1,1
2026-09-14 23:12:52,visible_count,camera,0,1,1
2026-09-14 23:12:52,visible_count,camera,0,1,1
2026-09-14 23:12:52,visible_count,camera,0,1,1
2026-09-14 23:12:53,visible_count,camera,0,1,1
2026-09-14 23:12:53,visible_count,camera,0,1,1
2026-09-14 23:12:53,visible_count,camera,0,1,1
2026-09-14 23:12:53,visible_count,camera,0,1,1
2026-09-14 23:12:53,visible_count,camera,0,1,1
2026-09-14 23:12:53,visible_count,camera,0,1,1
2026-09-14 23:12:53,visible_count,camera,0,1,1
2026-09-14 23:12:53,visible_count,camera,0,1,1
2026-09-14 23:12:53,visible_count,camera,0,1,1
2026-09-14 23:12:53,visible_count,camera,0,1,1
2026-09-14 23:12:53,visible_count,camera,0,1,1
2026-09-14 23:12:53,visible_count,camera,0,1,1
2026-09-14 23:12:53,visible_count,camera,0,1,1
2026-09-14 23:12:53,visible_count,camera,0,1,1
2026-09-14 23:12:53,visible_count,camera,0,1,1
2026-09-14 23:12:53,visible_count,camera,0,1,1
2026-09-14 23:12:53,visible_count,camera,0,1,1
2026-09-14 23:12:53,visible_count,camera,0,1,1
2026-09-14 23:12:53,visible_count,camera,0,1,1
2026-09-14 23:12:53,visible_count,camera,0,1,1
2026-09-14 23:12:53,visible_count,camera,0,1,1
2026-09-14 23:12:54,visible_count,camera,0,1,1
2026-09-14 23:12:54,visible_count,camera,0,1,1
2026-09-14 23:12:54,visible_count,camera,0,1,1
2026-09-14 23:12:54,visible_count,camera,0,1,1
2026-09-14 23:12:54,visible_count,camera,0,1,1
2026-09-14 23:12:54,visible_count,camera,0,1,1
2026-09-14 23:12:54,visible_count,camera,0,1,1
2026-09-14 23:12:54,visible_count,camera,0,1,1
2026-09-14 23:12:54,visible_count,camera,0,1,1
2026-09-14 23:12:54,visible_count,camera,0,1,1
2026-09-14 23:12:54,visible_count,camera,0,1,1
2026-09-14 23:12:54,visible_count,camera,0,1,1
2026-09-14 23:12:54,visible_count,camera,0,1,1
2026-09-14 23:12:54,visible_count,camera,0,1,1
2026-09-14 23:12:54,visible_count,camera,0,1,1
2026-09-14 23:12:54,visible_count,camera,0,1,1
2026-09-14 23:12:54,visible_count,camera,0,1,1
2026-09-14 23:12:54,visible_count,camera,0,1,1
2026-09-14 23:12:54,visible_count,camera,0,1,1
2026-09-14 23:12:54,visible_count,camera,0,1,1
2026-09-14 23:12:54,visible_count,camera,0,1,1
2026-09-14 23:12:54,visible_count,camera,0,1,1
2026-09-14 23:12:55,visible_count,camera,0,1,1
2026-09-14 23:12:55,visible_count,camera,0,1,1
2026-09-14 23:12:55,visible_count,camera,0,1,1
2026-09-14 23:12:55,visible_count,camera,0,1,1
2026-09-14 23:12:55,visible_count,camera,0,1,1
2026-09-14 23:12:55,visible_count,camera,0,1,1
2026-09-14 23:12:55,visible_count,camera,0,1,1
2026-09-14 23:12:55,visible_count,camera,0,1,1
2026-09-14 23:12:55,visible_count,camera,0,1,1
2026-09-14 23:12:55,visible_count,camera,0,1,1
2026-09-14 23:12:55,visible_count,camera,0,1,1
2026-09-14 23:12:55,visible_count,camera,0,1,1
2026-09-14 23:12:55,visible_count,camera,0,1,1
2026-09-14 23:12:55,visible_count,camera,0,1,1
2026-09-14 23:12:55,visible_count,camera,0,1,1
2026-09-14 23:12:55,visible_count,camera,0,1,1
2026-09-14 23:12:55,visible_count,camera,0,1,1
2026-09-14 23:12:55,visible_count,camera,0,1,1
2026-09-14 23:12:55,visible_count,camera,0,1,1
2026-09-14 23:12:55,visible_count,camera,0,1,1
2026-09-14 23:12:55,visible_count,camera,0,1,1
2026-09-14 23:12:56,visible_count,camera,1,1,1
2026-09-14 23:12:56,visible_count,camera,1,1,1
2026-09-14 23:12:56,visible_count,camera,1,1,1
2026-09-14 23:12:56,visible_count,camera,1,1,1
2026-09-14 23:12:56,visible_count,camera,1,1,1
2026-09-14 23:12:56,visible_count,camera,1,1,1
2026-09-14 23:12:56,visible_count,camera,1,1,1
2026-09-14 23:12:56,visible_count,camera,1,1,1
2026-09-14 23:12:56,visible_count,camera,1,1,1
2026-09-14 23:12:56,visible_count,camera,1,1,1
2026-09-14 23:12:56,visible_count,camera,1,1,1
2026-09-14 23:12:56,visible_count,camera,1,1,1
2026-09-14 23:12:56,visible_count,camera,1,1,1
2026-09-14 23:12:56,visible_count,camera,1,1,1
2026-09-14 23:12:56,visible_count,camera,1,1,1
2026-09-14 23:12:56,visible_count,camera,1,1,1
2026-09-14 23:12:56,visible_count,camera,1,1,1
2026-09-14 23:12:56,visible_count,camera,1,1,1
2026-09-14 23:12:57,visible_count,camera,1,1,1
2026-09-14 23:12:57,visible_count,camera,1,1,1
2026-09-14 23:12:57,visible_count,camera,1,1,1
2026-09-14 23:12:57,visible_count,camera,2,1,1
2026-09-14 23:12:57,visible_count,camera,0,1,1
2026-09-14 23:12:57,visible_count,camera,1,1,1
2026-09-14 23:12:57,visible_count,camera,1,1,1
2026-09-14 23:12:57,visible_count,camera,1,1,1
2026-09-14 23:12:57,visible_count,camera,1,1,1
2026-09-14 23:12:57,visible_count,camera,1,1,1
2026-09-14 23:12:57,visible_count,camera,1,1,1
2026-09-14 23:12:57,visible_count,camera,1,1,1
2026-09-14 23:12:57,visible_count,camera,1,1,1
2026-09-14 23:12:57,visible_count,camera,1,1,1
2026-09-14 23:12:57,visible_count,camera,1,1,1
2026-09-14 23:12:57,visible_count,camera,1,1,1
2026-09-14 23:12:57,visible_count,camera,1,1,1
2026-09-14 23:12:57,visible_count,camera,1,1,1
2026-09-14 23:12:58,visible_count,camera,1,1,1
2026-09-14 23:12:58,visible_count,camera,1,1,1
2026-09-14 23:12:58,visible_count,camera,1,1,1
2026-09-14 23:12:58,visible_count,camera,1,1,1
2026-09-14 23:12:58,visible_count,camera,1,1,1
2026-09-14 23:12:58,visible_count,camera,1,1,1
2026-09-14 23:12:58,visible_count,camera,1,1,1
2026-09-14 23:12:58,visible_count,camera,1,1,1
2026-09-14 23:12:58,visible_count,camera,1,1,1
2026-09-14 23:12:58,visible_count,camera,1,1,1
2026-09-14 23:12:58,visible_count,camera,2,1,1
2026-09-14 23:12:58,visible_count,camera,2,1,1
2026-09-14 23:12:58,visible_count,camera,1,1,1
2026-09-14 23:12:58,visible_count,camera,1,1,1
2026-09-14 23:12:58,visible_count,camera,2,1,1
2026-09-14 23:12:58,visible_count,camera,2,1,1
2026-09-14 23:12:58,visible_count,camera,2,1,1
2026-09-14 23:12:58,visible_count,camera,1,1,1
2026-09-14 23:12:58,visible_count,camera,1,1,1
2026-09-14 23:12:59,visible_count,camera,1,1,1
2026-09-14 23:12:59,visible_count,camera,1,1,1
2026-09-14 23:12:59,visible_count,camera,1,1,1
2026-09-14 23:12:59,visible_count,camera,1,1,1
2026-09-14 23:12:59,visible_count,camera,1,1,1
2026-09-14 23:12:59,visible_count,camera,1,1,1
2026-09-14 23:12:59,visible_count,camera,1,1,1
2026-09-14 23:12:59,visible_count,camera,1,1,1
2026-09-14 23:12:59,visible_count,camera,1,1,1
2026-09-14 23:12:59,visible_count,camera,1,1,1
2026-09-14 23:12:59,visible_count,camera,1,1,1
2026-09-14 23:12:59,visible_count,camera,2,1,1
2026-09-14 23:12:59,visible_count,camera,1,1,1
2026-09-14 23:12:59,visible_count,camera,1,1,1
2026-09-14 23:12:59,visible_count,camera,1,1,1
2026-09-14 23:12:59,visible_count,camera,1,1,1
2026-09-14 23:12:59,visible_count,camera,1,1,1
2026-09-14 23:12:59,visible_count,camera,1,1,1
2026-09-14 23:12:59,visible_count,camera,1,1,1
2026-09-14 23:13:00,visible_count,camera,1,1,1
2026-09-14 23:13:00,visible_count,camera,1,1,1
2026-09-14 23:13:00,visible_count,camera,1,1,1
2026-09-14 23:13:00,visible_count,camera,1,1,1
2026-09-14 23:13:00,visible_count,camera,1,1,1
2026-09-14 23:13:00,visible_count,camera,1,1,1
2026-09-14 23:13:00,visible_count,camera,1,1,1
2026-09-14 23:13:00,visible_count,camera,1,1,1
2026-09-14 23:13:00,visible_count,camera,1,1,1
2026-09-14 23:13:00,visible_count,camera,1,1,1
2026-09-14 23:13:00,visible_count,camera,1,1,1
2026-09-14 23:13:00,visible_count,camera,1,1,1
2026-09-14 23:13:00,visible_count,camera,1,1,1
2026-09-14 23:13:00,visible_count,camera,1,1,1
2026-09-14 23:13:00,visible_count,camera,0,1,1
2026-09-14 23:13:00,visible_count,camera,0,1,1
2026-09-14 23:13:00,visible_count,camera,0,1,1
2026-09-14 23:13:00,visible_count,camera,0,1,1
2026-09-14 23:13:00,visible_count,camera,0,1,1
2026-09-14 23:13:01,visible_count,camera,0,1,1
2026-09-14 23:13:01,visible_count,camera,0,1,1
2026-09-14 23:13:01,visible_count,camera,0,1,1
2026-09-14 23:13:01,visible_count,camera,0,1,1
2026-09-14 23:13:01,visible_count,camera,0,1,1
2026-09-14 23:13:01,visible_count,camera,0,1,1
2026-09-14 23:13:01,visible_count,camera,0,1,1
2026-09-14 23:13:01,visible_count,camera,0,1,1
2026-09-14 23:13:01,visible_count,camera,0,1,1
2026-09-14 23:13:01,visible_count,camera,0,1,1
2026-09-14 23:13:01,visible_count,camera,0,1,1
2026-09-14 23:13:01,visible_count,camera,0,1,1
2026-09-14 23:13:01,visible_count,camera,0,1,1
2026-09-14 23:13:01,visible_count,camera,0,1,1
2026-09-14 23:13:01,visible_count,camera,0,1,1
2026-09-14 23:13:01,visible_count,camera,0,1,1
2026-09-14 23:13:01,visible_count,camera,0,1,1
2026-09-14 23:13:01,visible_count,camera,0,1,1
2026-09-14 23:13:01,visible_count,camera,0,1,1
2026-09-14 23:13:01,visible_count,camera,0,1,1
2026-09-14 23:13:01,visible_count,camera,0,1,1
2026-09-14 23:13:02,visible_count,camera,0,1,1
2026-09-14 23:13:02,visible_count,camera,0,1,1
2026-09-14 23:13:02,visible_count,camera,0,1,1
2026-09-14 23:13:02,visible_count,camera,0,1,1
2026-09-14 23:13:02,visible_count,camera,0,1,1
2026-09-14 23:13:02,visible_count,camera,0,1,1
2026-09-14 23:13:02,visible_count,camera,0,1,1
2026-09-14 23:13:02,visible_count,camera,0,1,1
2026-09-14 23:13:02,visible_count,camera,0,1,1
2026-09-14 23:13:02,visible_count,camera,0,1,1
2026-09-14 23:13:02,visible_count,camera,0,1,1
2026-09-14 23:13:02,visible_count,camera,0,1,1
2026-09-14 23:13:02,visible_count,camera,0,1,1
2026-09-14 23:13:02,visible_count,camera,0,1,1
2026-09-14 23:13:02,visible_count,camera,0,1,1
2026-09-14 23:13:02,visible_count,camera,0,1,1
2026-09-14 23:13:02,visible_count,camera,0,1,1
2026-09-14 23:13:02,visible_count,camera,0,1,1
2026-09-14 23:13:02,visible_count,camera,0,1,1
2026-09-14 23:13:02,visible_count,camera,0,1,1
2026-09-14 23:13:02,visible_count,camera,0,1,1
2026-09-14 23:13:03,visible_count,camera,0,1,1
2026-09-14 23:13:03,visible_count,camera,0,1,1
2026-09-14 23:13:03,visible_count,camera,0,1,1
2026-09-14 23:13:03,visible_count,camera,0,1,1
2026-09-14 23:13:03,visible_count,camera,0,1,1
2026-09-14 23:13:03,visible_count,camera,0,1,1
2026-09-14 23:13:03,visible_count,camera,0,1,1
2026-09-14 23:13:03,visible_count,camera,0,1,1
2026-09-14 23:13:03,visible_count,camera,0,1,1
2026-09-14 23:13:03,visible_count,camera,0,1,1
2026-09-14 23:13:03,visible_count,camera,0,1,1
2026-09-14 23:13:03,visible_count,camera,0,1,1
2026-09-14 23:13:03,visible_count,camera,0,1,1
2026-09-14 23:13:03,visible_count,camera,0,1,1
2026-09-14 23:13:03,visible_count,camera,0,1,1
2026-09-14 23:13:03,visible_count,camera,0,1,1
2026-09-14 23:13:03,visible_count,camera,0,1,1
2026-09-14 23:13:03,visible_count,camera,0,1,1
2026-09-14 23:13:03,visible_count,camera,0,1,1
2026-09-14 23:13:03,visible_count,camera,0,1,1
2026-09-14 23:13:03,visible_count,camera,0,1,1
2026-09-14 23:13:04,visible_count,camera,0,1,1
2026-09-14 23:13:04,visible_count,camera,0,1,1
2026-09-14 23:13:04,visible_count,camera,0,1,1
2026-09-14 23:13:04,visible_count,camera,0,1,1
2026-09-14 23:13:04,visible_count,camera,0,1,1
2026-09-14 23:13:04,visible_count,camera,0,1,1
2026-09-14 23:13:04,visible_count,camera,0,1,1
2026-09-14 23:13:04,visible_count,camera,0,1,1
2026-09-14 23:13:04,visible_count,camera,0,1,1
2026-09-14 23:13:04,visible_count,camera,0,1,1
2026-09-14 23:13:04,visible_count,camera,0,1,1
2026-09-14 23:13:04,visible_count,camera,0,1,1
2026-09-14 23:13:04,visible_count,camera,1,1,1
2026-09-14 23:13:04,visible_count,camera,1,1,1
2026-09-14 23:13:04,visible_count,camera,1,1,1
2026-09-14 23:13:04,visible_count,camera,1,1,1
2026-09-14 23:13:04,visible_count,camera,1,1,1
2026-09-14 23:13:04,visible_count,camera,1,1,1
2026-09-14 23:13:04,visible_count,camera,1,1,1
2026-09-14 23:13:05,visible_count,camera,1,1,1
2026-09-14 23:13:05,visible_count,camera,1,1,1
2026-09-14 23:13:05,visible_count,camera,1,1,1
2026-09-14 23:13:05,visible_count,camera,1,1,1
2026-09-14 23:13:05,visible_count,camera,1,1,1
2026-09-14 23:13:05,visible_count,camera,1,1,1
2026-09-14 23:13:05,visible_count,camera,1,1,1
2026-09-14 23:13:05,visible_count,camera,1,1,1
2026-09-14 23:13:05,visible_count,camera,1,1,1
2026-09-14 23:13:05,visible_count,camera,1,1,1
2026-09-14 23:13:05,visible_count,camera,1,1,1
2026-09-14 23:13:05,visible_count,camera,1,1,1
2026-09-14 23:13:05,visible_count,camera,1,1,1
2026-09-14 23:13:05,visible_count,camera,1,1,1
2026-09-14 23:13:05,visible_count,camera,1,1,1
2026-09-14 23:13:05,visible_count,camera,1,1,1
2026-09-14 23:13:05,visible_count,camera,1,1,1
2026-09-14 23:13:05,visible_count,camera,1,1,1
2026-09-14 23:13:05,visible_count,camera,1,1,1
2026-09-14 23:13:06,visible_count,camera,1,1,1
2026-09-14 23:13:06,visible_count,camera,1,1,1
2026-09-14 23:13:06,visible_count,camera,1,1,1
2026-09-14 23:13:06,visible_count,camera,1,1,1
2026-09-14 23:13:06,visible_count,camera,1,1,1
2026-09-14 23:13:06,visible_count,camera,1,1,1
2026-09-14 23:13:06,visible_count,camera,1,1,1
2026-09-14 23:13:06,visible_count,camera,1,1,1
2026-09-14 23:13:06,visible_count,camera,1,1,1
2026-09-14 23:13:06,visible_count,camera,1,1,1
2026-09-14 23:13:06,visible_count,camera,1,1,1
2026-09-14 23:13:06,visible_count,camera,1,1,1
2026-09-14 23:13:06,visible_count,camera,1,1,1
2026-09-14 23:13:06,visible_count,camera,1,1,1
2026-09-14 23:13:06,visible_count,camera,1,1,1
2026-09-14 23:13:06,visible_count,camera,1,1,1
2026-09-14 23:13:06,visible_count,camera,1,1,1
2026-09-14 23:13:06,visible_count,camera,1,1,1
2026-09-14 23:13:06,visible_count,camera,1,1,1
2026-09-14 23:13:07,visible_count,camera,1,1,1
2026-09-14 23:13:07,visible_count,camera,1,1,1
2026-09-14 23:13:07,visible_count,camera,1,1,1
2026-09-14 23:13:07,visible_count,camera,1,1,1
2026-09-14 23:13:07,visible_count,camera,1,1,1
2026-09-14 23:13:07,visible_count,camera,1,1,1
2026-09-14 23:13:07,visible_count,camera,1,1,1
2026-09-14 23:13:07,visible_count,camera,1,1,1
2026-09-14 23:13:07,visible_count,camera,1,1,1
2026-09-14 23:13:07,visible_count,camera,1,1,1
2026-09-14 23:13:07,visible_count,camera,1,1,1
2026-09-14 23:13:07,visible_count,camera,1,1,1
2026-09-14 23:13:07,visible_count,camera,1,1,1
2026-09-14 23:13:07,visible_count,camera,1,1,1
2026-09-14 23:13:07,visible_count,camera,1,1,1
2026-09-14 23:13:07,visible_count,camera,1,1,1
2026-09-14 23:13:07,visible_count,camera,1,1,1
2026-09-14 23:13:07,visible_count,camera,1,1,1
2026-09-14 23:13:08,visible_count,camera,1,1,1
2026-09-14 23:13:08,visible_count,camera,1,1,1
2026-09-14 23:13:08,visible_count,camera,1,1,1
2026-09-14 23:13:08,visible_count,camera,1,1,1
2026-09-14 23:13:08,visible_count,camera,1,1,1
2026-09-14 23:13:08,visible_count,camera,1,1,1
2026-09-14 23:13:08,visible_count,camera,1,1,1
2026-09-14 23:13:08,visible_count,camera,1,1,1
2026-09-14 23:13:08,visible_count,camera,1,1,1
2026-09-14 23:13:08,visible_count,camera,1,1,1
2026-09-14 23:13:08,visible_count,camera,1,1,1
2026-09-14 23:13:08,visible_count,camera,1,1,1
2026-09-14 23:13:08,visible_count,camera,1,1,1
2026-09-14 23:13:08,visible_count,camera,1,1,1
2026-09-14 23:13:08,visible_count,camera,1,1,1
2026-09-14 23:13:08,visible_count,camera,1,1,1
2026-09-14 23:13:08,visible_count,camera,1,1,1
2026-09-14 23:13:08,visible_count,camera,1,1,1
2026-09-14 23:13:09,visible_count,camera,1,1,1
2026-09-14 23:13:09,visible_count,camera,1,1,1
2026-09-14 23:13:09,visible_count,camera,1,1,1
2026-09-14 23:13:09,visible_count,camera,1,1,1
2026-09-14 23:13:09,visible_count,camera,1,1,1
2026-09-14 23:13:09,visible_count,camera,1,1,1
2026-09-14 23:13:09,visible_count,camera,1,1,1
2026-09-14 23:13:09,visible_count,camera,1,1,1
2026-09-14 23:13:09,visible_count,camera,1,1,1
2026-09-14 23:13:09,visible_count,camera,1,1,1
2026-09-14 23:13:09,visible_count,camera,1,1,1
2026-09-14 23:13:09,visible_count,camera,1,1,1
2026-09-14 23:13:09,visible_count,camera,1,1,1
2026-09-14 23:13:09,visible_count,camera,1,1,1
2026-09-14 23:13:09,visible_count,camera,1,1,1
2026-09-14 23:13:09,visible_count,camera,1,1,1
2026-09-14 23:13:09,visible_count,camera,1,1,1
2026-09-14 23:13:09,visible_count,camera,1,1,1
2026-09-14 23:13:09,visible_count,camera,1,1,1
2026-09-14 23:13:10,visible_count,camera,1,1,1
2026-09-14 23:13:10,visible_count,camera,1,1,1
2026-09-14 23:13:10,visible_count,camera,1,1,1
2026-09-14 23:13:10,visible_count,camera,1,1,1
2026-09-14 23:13:10,visible_count,camera,1,1,1
2026-09-14 23:13:10,visible_count,camera,1,1,1
2026-09-14 23:13:10,visible_count,camera,1,1,1
2026-09-14 23:13:10,visible_count,camera,1,1,1
2026-09-14 23:13:10,visible_count,camera,1,1,1
2026-09-14 23:13:10,visible_count,camera,1,1,1
2026-09-14 23:13:10,visible_count,camera,1,1,1
2026-09-14 23:13:10,visible_count,camera,1,1,1
2026-09-14 23:13:10,visible_count,camera,1,1,1
2026-09-14 23:13:10,visible_count,camera,1,1,1
2026-09-14 23:13:10,visible_count,camera,1,1,1
2026-09-14 23:13:10,visible_count,camera,1,1,1
2026-09-14 23:13:10,visible_count,camera,1,1,1
2026-09-14 23:13:10,visible_count,camera,1,1,1
2026-09-14 23:13:10,visible_count,camera,1,1,1
2026-09-14 23:13:11,visible_count,camera,1,1,1
2026-09-14 23:13:11,visible_count,camera,1,1,1
2026-09-14 23:13:11,visible_count,camera,1,1,1
2026-09-14 23:13:11,visible_count,camera,1,1,1
2026-09-14 23:13:11,visible_count,camera,1,1,1
2026-09-14 23:13:11,visible_count,camera,1,1,1
2026-09-14 23:13:11,visible_count,camera,1,1,1
2026-09-14 23:13:11,visible_count,camera,1,1,1
2026-09-14 23:13:11,visible_count,camera,1,1,1
2026-09-14 23:13:11,visible_count,camera,1,1,1
2026-09-14 23:13:11,visible_count,camera,1,1,1
2026-09-14 23:13:11,visible_count,camera,1,1,1
2026-09-14 23:13:11,visible_count,camera,1,1,1
2026-09-14 23:13:11,visible_count,camera,1,1,1
2026-09-14 23:13:11,visible_count,camera,1,1,1
2026-09-14 23:13:11,visible_count,camera,1,1,1
2026-09-14 23:13:11,visible_count,camera,1,1,1
2026-09-14 23:13:11,visible_count,camera,1,1,1
2026-09-14 23:13:12,visible_count,camera,1,1,1
2026-09-14 23:13:12,visible_count,camera,1,1,1
2026-09-14 23:13:12,visible_count,camera,1,1,1
2026-09-14 23:13:12,visible_count,camera,1,1,1
2026-09-14 23:13:12,visible_count,camera,1,1,1
2026-09-14 23:13:12,visible_count,camera,1,1,1
2026-09-14 23:13:12,visible_count,camera,1,1,1
2026-09-14 23:13:12,visible_count,camera,1,1,1
2026-09-14 23:13:12,visible_count,camera,1,1,1
2026-09-14 23:13:12,visible_count,camera,1,1,1
2026-09-14 23:13:12,visible_count,camera,1,1,1
2026-09-14 23:13:12,visible_count,camera,1,1,1
2026-09-14 23:13:12,visible_count,camera,1,1,1
2026-09-14 23:13:12,visible_count,camera,1,1,1
2026-09-14 23:13:12,visible_count,camera,1,1,1
2026-09-14 23:13:12,visible_count,camera,1,1,1
2026-09-14 23:13:12,visible_count,camera,1,1,1
2026-09-14 23:13:12,visible_count,camera,1,1,1
2026-09-14 23:13:12,visible_count,camera,1,1,1
2026-09-14 23:13:12,visible_count,camera,1,1,1
2026-09-14 23:13:13,visible_count,camera,1,1,1
2026-09-14 23:13:13,visible_count,camera,1,1,1
2026-09-14 23:13:13,visible_count,camera,1,1,1
2026-09-14 23:13:13,visible_count,camera,1,1,1
2026-09-14 23:13:13,visible_count,camera,1,1,1
2026-09-14 23:13:13,visible_count,camera,1,1,1
2026-09-14 23:13:13,visible_count,camera,1,1,1
2026-09-14 23:13:13,visible_count,camera,1,1,1
2026-09-14 23:13:13,visible_count,camera,1,1,1
2026-09-14 23:13:13,visible_count,camera,1,1,1
2026-09-14 23:13:13,visible_count,camera,1,1,1
2026-09-14 23:13:13,visible_count,camera,1,1,1
2026-09-14 23:13:13,visible_count,camera,1,1,1
2026-09-14 23:13:13,visible_count,camera,1,1,1
2026-09-14 23:13:13,visible_count,camera,1,1,1
2026-09-14 23:13:13,visible_count,camera,1,1,1
2026-09-14 23:13:13,visible_count,camera,1,1,1
2026-09-14 23:13:13,visible_count,camera,1,1,1
2026-09-14 23:13:13,visible_count,camera,1,1,1
2026-09-14 23:13:14,visible_count,camera,1,1,1
2026-09-14 23:13:14,visible_count,camera,1,1,1
2026-09-14 23:13:14,visible_count,camera,1,1,1
2026-09-14 23:13:14,visible_count,camera,1,1,1
2026-09-14 23:13:14,visible_count,camera,1,1,1
2026-09-14 23:13:14,visible_count,camera,1,1,1
2026-09-14 23:13:14,visible_count,camera,1,1,1
2026-09-14 23:13:14,visible_count,camera,1,1,1
2026-09-14 23:13:14,visible_count,camera,1,1,1
2026-09-14 23:13:14,visible_count,camera,1,1,1
2026-09-14 23:13:14,visible_count,camera,1,1,1
2026-09-14 23:13:14,visible_count,camera,1,1,1
2026-09-14 23:13:14,visible_count,camera,1,1,1
2026-09-14 23:13:14,visible_count,camera,1,1,1
2026-09-14 23:13:14,visible_count,camera,1,1,1
2026-09-14 23:13:14,visible_count,camera,1,1,1
2026-09-14 23:13:14,visible_count,camera,1,1,1
2026-09-14 23:13:14,visible_count,camera,1,1,1
2026-09-14 23:13:15,visible_count,camera,1,1,1
2026-09-14 23:13:15,visible_count,camera,1,1,1
2026-09-14 23:13:15,visible_count,camera,1,1,1
2026-09-14 23:13:15,visible_count,camera,1,1,1
2026-09-14 23:13:15,visible_count,camera,1,1,1
2026-09-14 23:13:15,visible_count,camera,1,1,1
2026-09-14 23:13:15,visible_count,camera,1,1,1
2026-09-14 23:13:15,visible_count,camera,1,1,1
2026-09-14 23:13:15,visible_count,camera,1,1,1
2026-09-14 23:13:15,visible_count,camera,1,1,1
2026-09-14 23:13:15,visible_count,camera,1,1,1
2026-09-14 23:13:15,visible_count,camera,1,1,1
2026-09-14 23:13:15,visible_count,camera,1,1,1
2026-09-14 23:13:15,visible_count,camera,1,1,1
2026-09-14 23:13:15,visible_count,camera,1,1,1
2026-09-14 23:13:15,visible_count,camera,1,1,1
2026-09-14 23:13:15,visible_count,camera,1,1,1
2026-09-14 23:13:15,visible_count,camera,1,1,1
2026-09-14 23:13:15,visible_count,camera,1,1,1
2026-09-14 23:13:16,visible_count,camera,1,1,1
2026-09-14 23:13:16,visible_count,camera,1,1,1
2026-09-14 23:13:16,visible_count,camera,1,1,1
2026-09-14 23:13:16,visible_count,camera,1,1,1
2026-09-14 23:13:16,visible_count,camera,1,1,1
2026-09-14 23:13:16,visible_count,camera,1,1,1
2026-09-14 23:13:16,visible_count,camera,1,1,1
2026-09-14 23:13:16,visible_count,camera,1,1,1
2026-09-14 23:13:16,visible_count,camera,1,1,1
2026-09-14 23:13:16,visible_count,camera,1,1,1
2026-09-14 23:13:16,visible_count,camera,1,1,1
2026-09-14 23:13:16,visible_count,camera,1,1,1
2026-09-14 23:13:16,visible_count,camera,1,1,1
2026-09-14 23:13:16,visible_count,camera,1,1,1
2026-09-14 23:13:16,visible_count,camera,1,1,1
2026-09-14 23:13:16,visible_count,camera,1,1,1
2026-09-14 23:13:16,visible_count,camera,1,1,1
2026-09-14 23:13:16,visible_count,camera,1,1,1
2026-09-14 23:13:17,visible_count,camera,1,1,1
2026-09-14 23:13:17,visible_count,camera,1,1,1
2026-09-14 23:13:17,visible_count,camera,1,1,1
2026-09-14 23:13:17,visible_count,camera,1,1,1
2026-09-14 23:13:17,visible_count,camera,1,1,1
2026-09-14 23:13:17,visible_count,camera,1,1,1
2026-09-14 23:13:17,visible_count,camera,1,1,1
2026-09-14 23:13:17,visible_count,camera,1,1,1
2026-09-14 23:13:17,visible_count,camera,1,1,1
2026-09-14 23:13:17,visible_count,camera,1,1,1
2026-09-14 23:13:17,visible_count,camera,0,1,1
2026-09-14 23:13:17,visible_count,camera,0,1,1
2026-09-14 23:13:17,visible_count,camera,0,1,1
2026-09-14 23:13:17,visible_count,camera,0,1,1
2026-09-14 23:13:17,visible_count,camera,0,1,1
2026-09-14 23:13:17,visible_count,camera,0,1,1
2026-09-14 23:13:17,visible_count,camera,0,1,1
2026-09-14 23:13:17,visible_count,camera,0,1,1
2026-09-14 23:13:17,visible_count,camera,0,1,1
2026-09-14 23:13:17,visible_count,camera,0,1,1
2026-09-14 23:13:18,visible_count,camera,0,1,1
2026-09-14 23:13:18,visible_count,camera,0,1,1
2026-09-14 23:13:18,visible_count,camera,0,1,1
2026-09-14 23:13:18,visible_count,camera,0,1,1
2026-09-14 23:13:18,visible_count,camera,0,1,1
2026-09-14 23:13:18,visible_count,camera,0,1,1
2026-09-14 23:13:18,visible_count,camera,0,1,1
2026-09-14 23:13:18,visible_count,camera,0,1,1
2026-09-14 23:13:18,visible_count,camera,0,1,1
2026-09-14 23:13:18,visible_count,camera,0,1,1
2026-09-14 23:13:18,visible_count,camera,0,1,1
2026-09-14 23:13:18,visible_count,camera,0,1,1
2026-09-14 23:13:18,visible_count,camera,0,1,1
2026-09-14 23:13:18,visible_count,camera,0,1,1
2026-09-14 23:13:18,visible_count,camera,0,1,1
2026-09-14 23:13:18,visible_count,camera,0,1,1
2026-09-14 23:13:18,visible_count,camera,0,1,1
2026-09-14 23:13:18,visible_count,camera,0,1,1
2026-09-14 23:13:18,visible_count,camera,0,1,1
2026-09-14 23:13:18,visible_count,camera,0,1,1
2026-09-14 23:13:19,visible_count,camera,0,1,1
2026-09-14 23:13:19,visible_count,camera,0,1,1
2026-09-14 23:13:19,visible_count,camera,0,1,1
2026-09-14 23:13:19,visible_count,camera,0,1,1
2026-09-14 23:13:19,visible_count,camera,0,1,1
2026-09-14 23:13:19,visible_count,camera,0,1,1
2026-09-14 23:13:19,visible_count,camera,0,1,1
2026-09-14 23:13:19,visible_count,camera,0,1,1
2026-09-14 23:13:19,visible_count,camera,0,1,1
2026-09-14 23:13:19,visible_count,camera,0,1,1
2026-09-14 23:13:19,visible_count,camera,0,1,1
2026-09-14 23:13:19,visible_count,camera,0,1,1
2026-09-14 23:13:19,visible_count,camera,0,1,1
2026-09-14 23:13:19,visible_count,camera,0,1,1
2026-09-14 23:13:19,visible_count,camera,0,1,1
2026-09-14 23:13:19,visible_count,camera,0,1,1
2026-09-14 23:13:19,visible_count,camera,1,1,1
2026-09-14 23:13:19,visible_count,camera,1,1,1
2026-09-14 23:13:19,visible_count,camera,1,1,1
2026-09-14 23:13:19,visible_count,camera,1,1,1
2026-09-14 23:13:20,visible_count,camera,1,1,1
2026-09-14 23:13:20,visible_count,camera,1,1,1
2026-09-14 23:13:20,visible_count,camera,1,1,1
2026-09-14 23:13:20,visible_count,camera,1,1,1
2026-09-14 23:13:20,visible_count,camera,1,1,1
2026-09-14 23:13:20,visible_count,camera,1,1,1
2026-09-14 23:13:20,visible_count,camera,1,1,1
2026-09-14 23:13:20,visible_count,camera,1,1,1
2026-09-14 23:13:20,visible_count,camera,1,1,1
2026-09-14 23:13:20,visible_count,camera,1,1,1
2026-09-14 23:13:20,visible_count,camera,1,1,1
2026-09-14 23:13:20,visible_count,camera,1,1,1
2026-09-14 23:13:20,visible_count,camera,1,1,1
2026-09-14 23:13:20,visible_count,camera,1,1,1
2026-09-14 23:13:20,visible_count,camera,1,1,1
2026-09-14 23:13:20,visible_count,camera,1,1,1
2026-09-14 23:13:20,visible_count,camera,1,1,1
2026-09-14 23:13:20,visible_count,camera,1,1,1
2026-09-14 23:13:20,visible_count,camera,1,1,1
2026-09-14 23:13:21,visible_count,camera,1,1,1
2026-09-14 23:13:21,visible_count,camera,1,1,1
2026-09-14 23:13:21,visible_count,camera,1,1,1
2026-09-14 23:13:21,visible_count,camera,1,1,1
2026-09-14 23:13:21,visible_count,camera,1,1,1
2026-09-14 23:13:21,visible_count,camera,1,1,1
2026-09-14 23:13:21,visible_count,camera,0,1,1
2026-09-14 23:13:21,visible_count,camera,1,1,1
2026-09-14 23:13:21,visible_count,camera,1,1,1
2026-09-14 23:13:21,visible_count,camera,1,1,1
2026-09-14 23:13:21,visible_count,camera,1,1,1
2026-09-14 23:13:21,visible_count,camera,1,1,1
2026-09-14 23:13:21,visible_count,camera,1,1,1
2026-09-14 23:13:21,visible_count,camera,1,1,1
2026-09-14 23:13:21,visible_count,camera,1,1,1
2026-09-14 23:13:21,visible_count,camera,1,1,1
2026-09-14 23:13:21,visible_count,camera,1,1,1
2026-09-14 23:13:21,visible_count,camera,0,1,1
2026-09-14 23:13:22,visible_count,camera,1,1,1
2026-09-14 23:13:22,visible_count,camera,1,1,1
2026-09-14 23:13:22,visible_count,camera,1,1,1
2026-09-14 23:13:22,visible_count,camera,1,1,1
2026-09-14 23:13:22,visible_count,camera,1,1,1
2026-09-14 23:13:22,visible_count,camera,1,1,1
2026-09-14 23:13:22,visible_count,camera,1,1,1
2026-09-14 23:13:22,visible_count,camera,1,1,1
2026-09-14 23:13:22,visible_count,camera,1,1,1
2026-09-14 23:13:22,visible_count,camera,1,1,1
2026-09-14 23:13:22,visible_count,camera,1,1,1
2026-09-14 23:13:22,visible_count,camera,1,1,1
2026-09-14 23:13:22,visible_count,camera,1,1,1
2026-09-14 23:13:22,visible_count,camera,0,1,1
2026-09-14 23:13:22,visible_count,camera,1,1,1
2026-09-14 23:13:22,visible_count,camera,1,1,1
2026-09-14 23:13:22,visible_count,camera,1,1,1
2026-09-14 23:13:22,visible_count,camera,1,1,1
2026-09-14 23:13:23,visible_count,camera,1,1,1
2026-09-14 23:13:23,visible_count,camera,1,1,1
2026-09-14 23:13:23,visible_count,camera,1,1,1
2026-09-14 23:13:23,visible_count,camera,1,1,1
2026-09-14 23:13:23,visible_count,camera,1,1,1
2026-09-14 23:13:23,visible_count,camera,1,1,1
2026-09-14 23:13:23,visible_count,camera,1,1,1
2026-09-14 23:13:23,visible_count,camera,1,1,1
2026-09-14 23:13:23,visible_count,camera,1,1,1
2026-09-14 23:13:23,visible_count,camera,1,1,1
2026-09-14 23:13:23,visible_count,camera,1,1,1
2026-09-14 23:13:23,visible_count,camera,1,1,1
2026-09-14 23:13:23,visible_count,camera,1,1,1
2026-09-14 23:13:23,visible_count,camera,1,1,1
2026-09-14 23:13:23,visible_count,camera,1,1,1
2026-09-14 23:13:23,visible_count,camera,1,1,1
2026-09-14 23:13:23,visible_count,camera,1,1,1
2026-09-14 23:13:23,visible_count,camera,1,1,1
2026-09-14 23:13:23,visible_count,camera,1,1,1
2026-09-14 23:13:24,visible_count,camera,1,1,1
2026-09-14 23:13:24,visible_count,camera,1,1,1
2026-09-14 23:13:24,visible_count,camera,1,1,1
2026-09-14 23:13:24,visible_count,camera,1,1,1
2026-09-14 23:13:24,visible_count,camera,1,1,1
2026-09-14 23:13:24,visible_count,camera,1,1,1
2026-09-14 23:13:24,visible_count,camera,1,1,1
2026-09-14 23:13:24,visible_count,camera,1,1,1
2026-09-14 23:13:24,visible_count,camera,1,1,1
2026-09-14 23:13:24,visible_count,camera,1,1,1
2026-09-14 23:13:24,visible_count,camera,1,1,1
2026-09-14 23:13:24,visible_count,camera,1,1,1
2026-09-14 23:13:24,visible_count,camera,1,1,1
2026-09-14 23:13:24,visible_count,camera,1,1,1
2026-09-14 23:13:24,visible_count,camera,1,1,1
2026-09-14 23:13:24,visible_count,camera,1,1,1
2026-09-14 23:13:24,visible_count,camera,1,1,1
2026-09-14 23:13:24,visible_count,camera,1,1,1
2026-09-14 23:13:25,visible_count,camera,1,1,1
2026-09-14 23:13:25,visible_count,camera,1,1,1
2026-09-14 23:13:25,visible_count,camera,1,1,1
2026-09-14 23:13:25,visible_count,camera,1,1,1
2026-09-14 23:13:25,visible_count,camera,1,1,1
2026-09-14 23:13:25,visible_count,camera,1,1,1
2026-09-14 23:13:25,visible_count,camera,1,1,1
2026-09-14 23:13:25,visible_count,camera,1,1,1
2026-09-14 23:13:25,visible_count,camera,1,1,1
2026-09-14 23:13:25,visible_count,camera,1,1,1
2026-09-14 23:13:25,visible_count,camera,1,1,1
2026-09-14 23:13:25,visible_count,camera,1,1,1
2026-09-14 23:13:25,visible_count,camera,1,1,1
2026-09-14 23:13:25,visible_count,camera,1,1,1
2026-09-14 23:13:25,visible_count,camera,1,1,1
2026-09-14 23:13:25,visible_count,camera,1,1,1
2026-09-14 23:13:25,visible_count,camera,1,1,1
2026-09-14 23:13:25,visible_count,camera,0,1,1
2026-09-14 23:13:26,visible_count,camera,0,1,1
2026-09-14 23:13:26,visible_count,camera,0,1,1
2026-09-14 23:13:26,visible_count,camera,0,1,1
2026-09-14 23:13:26,visible_count,camera,0,1,1
2026-09-14 23:13:26,visible_count,camera,0,1,1
2026-09-14 23:13:26,visible_count,camera,0,1,1
2026-09-14 23:13:26,visible_count,camera,0,1,1
2026-09-14 23:13:26,visible_count,camera,0,1,1
2026-09-14 23:13:26,visible_count,camera,0,1,1
2026-09-14 23:13:26,visible_count,camera,0,1,1
2026-09-14 23:13:26,visible_count,camera,0,1,1
2026-09-14 23:13:26,visible_count,camera,0,1,1
2026-09-14 23:13:26,visible_count,camera,0,1,1
2026-09-14 23:13:26,visible_count,camera,0,1,1
2026-09-14 23:13:26,visible_count,camera,0,1,1
2026-09-14 23:13:26,visible_count,camera,0,1,1
2026-09-14 23:13:26,visible_count,camera,0,1,1
2026-09-14 23:13:26,visible_count,camera,0,1,1
2026-09-14 23:13:26,visible_count,camera,0,1,1
2026-09-14 23:13:26,visible_count,camera,0,1,1
2026-09-14 23:13:27,visible_count,camera,0,1,1
2026-09-14 23:13:27,visible_count,camera,0,1,1
2026-09-14 23:13:27,visible_count,camera,0,1,1
2026-09-14 23:13:27,visible_count,camera,0,1,1
2026-09-14 23:13:27,visible_count,camera,0,1,1
2026-09-14 23:13:27,visible_count,camera,0,1,1
2026-09-14 23:13:27,visible_count,camera,0,1,1
2026-09-14 23:13:27,visible_count,camera,0,1,1
2026-09-14 23:13:27,visible_count,camera,0,1,1
2026-09-14 23:13:27,visible_count,camera,0,1,1
2026-09-14 23:13:27,visible_count,camera,0,1,1
2026-09-14 23:13:27,visible_count,camera,0,1,1
2026-09-14 23:13:27,visible_count,camera,0,1,1
2026-09-14 23:13:27,visible_count,camera,0,1,1
2026-09-14 23:13:27,visible_count,camera,0,1,1
2026-09-14 23:13:27,visible_count,camera,0,1,1
2026-09-14 23:13:27,visible_count,camera,0,1,1
2026-09-14 23:13:27,visible_count,camera,0,1,1
2026-09-14 23:13:27,visible_count,camera,0,1,1
2026-09-14 23:13:27,visible_count,camera,0,1,1
2026-09-14 23:13:28,visible_count,camera,0,1,1
2026-09-14 23:13:28,visible_count,camera,0,1,1
2026-09-14 23:13:28,visible_count,camera,0,1,1
2026-09-14 23:13:28,visible_count,camera,0,1,1
2026-09-14 23:13:28,visible_count,camera,0,1,1
2026-09-14 23:13:28,visible_count,camera,0,1,1
2026-09-14 23:13:28,visible_count,camera,0,1,1
2026-09-14 23:13:28,visible_count,camera,0,1,1
2026-09-14 23:13:28,visible_count,camera,0,1,1
2026-09-14 23:13:28,visible_count,camera,0,1,1
2026-09-14 23:13:28,visible_count,camera,0,1,1
2026-09-14 23:13:28,visible_count,camera,0,1,1
2026-09-14 23:13:28,visible_count,camera,0,1,1
2026-09-14 23:13:28,visible_count,camera,0,1,1
2026-09-14 23:13:28,visible_count,camera,0,1,1
2026-09-14 23:13:28,visible_count,camera,0,1,1
2026-09-14 23:13:28,visible_count,camera,0,1,1
2026-09-14 23:13:28,visible_count,camera,0,1,1
2026-09-14 23:13:28,visible_count,camera,0,1,1
2026-09-14 23:13:28,visible_count,camera,0,1,1
2026-09-14 23:13:28,visible_count,camera,0,1,1
2026-09-14 23:13:29,visible_count,camera,0,1,1
2026-09-14 23:13:29,visible_count,camera,0,1,1
2026-09-14 23:13:29,visible_count,camera,0,1,1
2026-09-14 23:13:29,visible_count,camera,0,1,1
2026-09-14 23:13:29,visible_count,camera,0,1,1
2026-09-14 23:13:29,visible_count,camera,0,1,1
2026-09-14 23:13:29,visible_count,camera,0,1,1
2026-09-14 23:13:29,visible_count,camera,0,1,1
2026-09-14 23:13:29,visible_count,camera,0,1,1
2026-09-14 23:13:29,visible_count,camera,0,1,1
2026-09-14 23:13:29,visible_count,camera,1,1,1
2026-09-14 23:13:29,visible_count,camera,1,1,1
2026-09-14 23:13:29,visible_count,camera,1,1,1
2026-09-14 23:13:29,visible_count,camera,1,1,1
2026-09-14 23:13:29,visible_count,camera,1,1,1
2026-09-14 23:13:29,visible_count,camera,1,1,1
2026-09-14 23:13:29,visible_count,camera,1,1,1
2026-09-14 23:13:29,visible_count,camera,1,1,1
2026-09-14 23:13:29,visible_count,camera,1,1,1
2026-09-14 23:13:30,visible_count,camera,1,1,1
2026-09-14 23:13:30,visible_count,camera,1,1,1
2026-09-14 23:13:30,visible_count,camera,1,1,1
2026-09-14 23:13:30,visible_count,camera,1,1,1
2026-09-14 23:13:30,visible_count,camera,1,1,1
2026-09-14 23:13:30,visible_count,camera,1,1,1
2026-09-14 23:13:30,visible_count,camera,1,1,1
2026-09-14 23:13:30,visible_count,camera,1,1,1
2026-09-14 23:13:30,visible_count,camera,1,1,1
2026-09-14 23:13:30,visible_count,camera,1,1,1
2026-09-14 23:13:30,visible_count,camera,1,1,1
2026-09-14 23:13:30,visible_count,camera,1,1,1
2026-09-14 23:13:30,visible_count,camera,1,1,1
2026-09-14 23:13:30,visible_count,camera,1,1,1
2026-09-14 23:13:30,visible_count,camera,1,1,1
2026-09-14 23:13:30,visible_count,camera,1,1,1
2026-09-14 23:13:30,visible_count,camera,0,1,1
2026-09-14 23:13:30,visible_count,camera,0,1,1
2026-09-14 23:13:31,visible_count,camera,0,1,1
2026-09-14 23:13:31,visible_count,camera,1,1,1
2026-09-14 23:13:31,visible_count,camera,1,1,1
2026-09-14 23:13:31,visible_count,camera,1,1,1
2026-09-14 23:13:31,visible_count,camera,1,1,1
2026-09-14 23:13:31,visible_count,camera,1,1,1
2026-09-14 23:13:31,visible_count,camera,1,1,1
2026-09-14 23:13:31,visible_count,camera,1,1,1
2026-09-14 23:13:31,visible_count,camera,1,1,1
2026-09-14 23:13:31,visible_count,camera,1,1,1
2026-09-14 23:13:31,visible_count,camera,1,1,1
2026-09-14 23:13:31,visible_count,camera,1,1,1
2026-09-14 23:13:31,visible_count,camera,1,1,1
2026-09-14 23:13:31,visible_count,camera,1,1,1
2026-09-14 23:13:31,visible_count,camera,1,1,1
2026-09-14 23:13:31,visible_count,camera,1,1,1
2026-09-14 23:13:31,visible_count,camera,1,1,1
2026-09-14 23:13:31,visible_count,camera,1,1,1
2026-09-14 23:13:31,visible_count,camera,1,1,1
2026-09-14 23:13:32,visible_count,camera,1,1,1
2026-09-14 23:13:32,visible_count,camera,1,1,1
2026-09-14 23:13:32,visible_count,camera,1,1,1
2026-09-14 23:13:32,visible_count,camera,1,1,1
2026-09-14 23:13:32,visible_count,camera,1,1,1
2026-09-14 23:13:32,visible_count,camera,1,1,1
2026-09-14 23:13:32,visible_count,camera,1,1,1
2026-09-14 23:13:32,visible_count,camera,1,1,1
2026-09-14 23:13:32,visible_count,camera,1,1,1
2026-09-14 23:13:32,visible_count,camera,1,1,1
2026-09-14 23:13:32,visible_count,camera,1,1,1
2026-09-14 23:13:32,visible_count,camera,1,1,1
2026-09-14 23:13:32,visible_count,camera,1,1,1
2026-09-14 23:13:32,visible_count,camera,1,1,1
2026-09-14 23:13:32,visible_count,camera,1,1,1
2026-09-14 23:13:32,visible_count,camera,1,1,1
2026-09-14 23:13:32,visible_count,camera,1,1,1
2026-09-14 23:13:32,visible_count,camera,1,1,1
2026-09-14 23:13:33,visible_count,camera,1,1,1
2026-09-14 23:13:33,visible_count,camera,1,1,1
2026-09-14 23:13:33,visible_count,camera,1,1,1
2026-09-14 23:13:33,visible_count,camera,1,1,1
2026-09-14 23:13:33,visible_count,camera,1,1,1
2026-09-14 23:13:33,visible_count,camera,1,1,1
2026-09-14 23:13:33,visible_count,camera,1,1,1
2026-09-14 23:13:33,visible_count,camera,1,1,1
2026-09-14 23:13:33,visible_count,camera,1,1,1
2026-09-14 23:13:33,visible_count,camera,1,1,1
2026-09-14 23:13:33,visible_count,camera,1,1,1
2026-09-14 23:13:33,visible_count,camera,1,1,1
2026-09-14 23:13:33,visible_count,camera,1,1,1
2026-09-14 23:13:33,visible_count,camera,1,1,1
2026-09-14 23:13:33,visible_count,camera,1,1,1
2026-09-14 23:13:33,visible_count,camera,1,1,1
2026-09-14 23:13:33,visible_count,camera,1,1,1
2026-09-14 23:13:33,visible_count,camera,1,1,1
2026-09-14 23:13:34,visible_count,camera,1,1,1
2026-09-14 23:13:34,visible_count,camera,1,1,1
2026-09-14 23:13:34,visible_count,camera,1,1,1
2026-09-14 23:13:34,visible_count,camera,1,1,1
2026-09-14 23:13:34,visible_count,camera,1,1,1
2026-09-14 23:13:34,visible_count,camera,1,1,1
2026-09-14 23:13:34,visible_count,camera,1,1,1
2026-09-14 23:13:34,visible_count,camera,1,1,1
2026-09-14 23:13:34,visible_count,camera,1,1,1
2026-09-14 23:13:34,visible_count,camera,1,1,1
2026-09-14 23:13:34,visible_count,camera,1,1,1
2026-09-14 23:13:34,visible_count,camera,1,1,1
2026-09-14 23:13:34,visible_count,camera,1,1,1
2026-09-14 23:13:34,visible_count,camera,1,1,1
2026-09-14 23:13:34,visible_count,camera,1,1,1
2026-09-14 23:13:34,visible_count,camera,1,1,1
2026-09-14 23:13:34,visible_count,camera,1,1,1
2026-09-14 23:13:34,visible_count,camera,1,1,1
2026-09-14 23:13:34,visible_count,camera,1,1,1
2026-09-14 23:13:35,visible_count,camera,0,1,1
2026-09-14 23:13:35,visible_count,camera,1,1,1
2026-09-14 23:13:35,visible_count,camera,1,1,1
2026-09-14 23:13:35,visible_count,camera,1,1,1
2026-09-14 23:13:35,visible_count,camera,1,1,1
2026-09-14 23:13:35,visible_count,camera,1,1,1
2026-09-14 23:13:35,visible_count,camera,1,1,1
2026-09-14 23:13:35,visible_count,camera,1,1,1
2026-09-14 23:13:35,visible_count,camera,1,1,1
2026-09-14 23:13:35,visible_count,camera,1,1,1
2026-09-14 23:13:35,visible_count,camera,1,1,1
2026-09-14 23:13:35,visible_count,camera,0,1,1
2026-09-14 23:13:35,visible_count,camera,1,1,1
2026-09-14 23:13:35,visible_count,camera,1,1,1
2026-09-14 23:13:35,visible_count,camera,1,1,1
2026-09-14 23:13:35,visible_count,camera,1,1,1
2026-09-14 23:13:35,visible_count,camera,1,1,1
2026-09-14 23:13:35,visible_count,camera,1,1,1
2026-09-14 23:13:36,visible_count,camera,1,1,1
2026-09-14 23:13:36,visible_count,camera,1,1,1
2026-09-14 23:13:36,visible_count,camera,1,1,1
2026-09-14 23:13:36,visible_count,camera,1,1,1
2026-09-14 23:13:36,visible_count,camera,1,1,1
2026-09-14 23:13:36,visible_count,camera,1,1,1
2026-09-14 23:13:36,visible_count,camera,1,1,1
2026-09-14 23:13:36,visible_count,camera,1,1,1
2026-09-14 23:13:36,visible_count,camera,1,1,1
2026-09-14 23:13:36,visible_count,camera,1,1,1
2026-09-14 23:13:36,visible_count,camera,1,1,1
2026-09-14 23:13:36,visible_count,camera,1,1,1
2026-09-14 23:13:36,visible_count,camera,1,1,1
2026-09-14 23:13:36,visible_count,camera,1,1,1
2026-09-14 23:13:36,visible_count,camera,1,1,1
2026-09-14 23:13:36,visible_count,camera,1,1,1
2026-09-14 23:13:36,visible_count,camera,1,1,1
2026-09-14 23:13:36,visible_count,camera,1,1,1
2026-09-14 23:13:36,visible_count,camera,1,1,1
2026-09-14 23:13:37,visible_count,camera,1,1,1
2026-09-14 23:13:37,visible_count,camera,1,1,1
2026-09-14 23:13:37,visible_count,camera,1,1,1
2026-09-14 23:13:37,visible_count,camera,1,1,1
2026-09-14 23:13:37,visible_count,camera,1,1,1
2026-09-14 23:13:37,visible_count,camera,1,1,1
2026-09-14 23:13:37,visible_count,camera,1,1,1
2026-09-14 23:13:37,visible_count,camera,1,1,1
2026-09-14 23:13:37,visible_count,camera,1,1,1
2026-09-14 23:13:37,visible_count,camera,1,1,1
2026-09-14 23:13:37,visible_count,camera,1,1,1
2026-09-14 23:13:37,visible_count,camera,1,1,1
2026-09-14 23:13:37,visible_count,camera,1,1,1
2026-09-14 23:13:37,visible_count,camera,1,1,1
2026-09-14 23:13:37,visible_count,camera,1,1,1
2026-09-14 23:13:37,visible_count,camera,1,1,1
2026-09-14 23:13:37,visible_count,camera,1,1,1
2026-09-14 23:13:37,visible_count,camera,1,1,1
2026-09-14 23:13:38,visible_count,camera,1,1,1
2026-09-14 23:13:38,visible_count,camera,1,1,1
2026-09-14 23:13:38,visible_count,camera,1,1,1
2026-09-14 23:13:38,visible_count,camera,1,1,1
2026-09-14 23:13:38,visible_count,camera,1,1,1
2026-09-14 23:13:38,visible_count,camera,1,1,1
2026-09-14 23:13:38,visible_count,camera,1,1,1
2026-09-14 23:13:38,visible_count,camera,1,1,1
2026-09-14 23:13:38,visible_count,camera,1,1,1
2026-09-14 23:13:38,visible_count,camera,1,1,1
2026-09-14 23:13:38,visible_count,camera,1,1,1
2026-09-14 23:13:38,visible_count,camera,1,1,1
2026-09-14 23:13:38,visible_count,camera,1,1,1
2026-09-14 23:13:38,visible_count,camera,1,1,1
2026-09-14 23:13:38,visible_count,camera,1,1,1
2026-09-14 23:13:38,visible_count,camera,1,1,1
2026-09-14 23:13:38,visible_count,camera,1,1,1
2026-09-14 23:13:38,visible_count,camera,1,1,1
2026-09-14 23:13:38,visible_count,camera,1,1,1
2026-09-14 23:13:39,visible_count,camera,1,1,1
2026-09-14 23:13:39,visible_count,camera,1,1,1
2026-09-14 23:13:39,visible_count,camera,1,1,1
2026-09-14 23:13:39,visible_count,camera,1,1,1
2026-09-14 23:13:39,visible_count,camera,1,1,1
2026-09-14 23:13:39,visible_count,camera,1,1,1
2026-09-14 23:13:39,visible_count,camera,1,1,1
2026-09-14 23:13:39,visible_count,camera,1,1,1
2026-09-14 23:13:39,visible_count,camera,1,1,1
2026-09-14 23:13:39,visible_count,camera,1,1,1
2026-09-14 23:13:39,visible_count,camera,1,1,1
2026-09-14 23:13:39,visible_count,camera,1,1,1
2026-09-14 23:13:39,visible_count,camera,1,1,1
2026-09-14 23:13:39,visible_count,camera,1,1,1
2026-09-14 23:13:39,visible_count,camera,1,1,1
2026-09-14 23:13:39,visible_count,camera,1,1,1
2026-09-14 23:13:39,visible_count,camera,1,1,1
2026-09-14 23:13:39,visible_count,camera,1,1,1
2026-09-14 23:13:40,visible_count,camera,1,1,1
2026-09-14 23:13:40,visible_count,camera,1,1,1
2026-09-14 23:13:40,visible_count,camera,1,1,1
2026-09-14 23:13:40,visible_count,camera,1,1,1
2026-09-14 23:13:40,visible_count,camera,1,1,1
2026-09-14 23:13:40,visible_count,camera,1,1,1
2026-09-14 23:13:40,visible_count,camera,1,1,1
2026-09-14 23:13:40,visible_count,camera,1,1,1
2026-09-14 23:13:40,visible_count,camera,1,1,1
2026-09-14 23:13:40,visible_count,camera,1,1,1
2026-09-14 23:13:40,visible_count,camera,1,1,1
2026-09-14 23:13:40,visible_count,camera,1,1,1
2026-09-14 23:13:40,visible_count,camera,1,1,1
2026-09-14 23:13:40,visible_count,camera,1,1,1
2026-09-14 23:13:40,visible_count,camera,1,1,1
2026-09-14 23:13:40,visible_count,camera,1,1,1
2026-09-14 23:13:40,visible_count,camera,1,1,1
2026-09-14 23:13:40,visible_count,camera,1,1,1
2026-09-14 23:13:41,visible_count,camera,1,1,1
2026-09-14 23:13:41,visible_count,camera,0,1,1
2026-09-14 23:13:41,visible_count,camera,0,1,1
2026-09-14 23:13:41,visible_count,camera,1,1,1
2026-09-14 23:13:41,visible_count,camera,0,1,1
2026-09-14 23:13:41,visible_count,camera,0,1,1
2026-09-14 23:13:41,visible_count,camera,0,1,1
2026-09-14 23:13:41,visible_count,camera,0,1,1
2026-09-14 23:13:41,visible_count,camera,1,1,1
2026-09-14 23:13:41,visible_count,camera,0,1,1
2026-09-14 23:13:41,visible_count,camera,0,1,1
2026-09-14 23:13:41,visible_count,camera,0,1,1
2026-09-14 23:13:41,visible_count,camera,0,1,1
2026-09-14 23:13:41,visible_count,camera,0,1,1
2026-09-14 23:13:41,visible_count,camera,0,1,1
2026-09-14 23:13:41,visible_count,camera,1,1,1
2026-09-14 23:13:41,visible_count,camera,1,1,1
2026-09-14 23:13:41,visible_count,camera,1,1,1
2026-09-14 23:13:41,visible_count,camera,1,1,1
2026-09-14 23:13:42,visible_count,camera,0,1,1
2026-09-14 23:13:42,visible_count,camera,1,1,1
2026-09-14 23:13:42,visible_count,camera,1,1,1
2026-09-14 23:13:42,visible_count,camera,1,1,1
2026-09-14 23:13:42,visible_count,camera,1,1,1
2026-09-14 23:13:42,visible_count,camera,1,1,1
2026-09-14 23:13:42,visible_count,camera,1,1,1
2026-09-14 23:13:42,visible_count,camera,1,1,1
2026-09-14 23:13:42,visible_count,camera,1,1,1
2026-09-14 23:13:42,visible_count,camera,1,1,1
2026-09-14 23:13:42,visible_count,camera,1,1,1
2026-09-14 23:13:42,visible_count,camera,1,1,1
2026-09-14 23:13:42,visible_count,camera,1,1,1
2026-09-14 23:13:42,visible_count,camera,1,1,1
2026-09-14 23:13:42,visible_count,camera,1,1,1
2026-09-14 23:13:42,visible_count,camera,1,1,1
2026-09-14 23:13:42,visible_count,camera,1,1,1
2026-09-14 23:13:42,visible_count,camera,1,1,1
2026-09-14 23:13:43,visible_count,camera,1,1,1
2026-09-14 23:13:43,visible_count,camera,1,1,1
2026-09-14 23:13:43,visible_count,camera,1,1,1
2026-09-14 23:13:43,visible_count,camera,1,1,1
2026-09-14 23:13:43,visible_count,camera,1,1,1
2026-09-14 23:13:43,visible_count,camera,1,1,1
2026-09-14 23:13:43,visible_count,camera,1,1,1
2026-09-14 23:13:43,visible_count,camera,1,1,1
2026-09-14 23:13:43,visible_count,camera,1,1,1
2026-09-14 23:13:43,visible_count,camera,1,1,1
2026-09-14 23:13:43,visible_count,camera,1,1,1
2026-09-14 23:13:43,visible_count,camera,1,1,1
2026-09-14 23:13:43,visible_count,camera,1,1,1
2026-09-14 23:13:43,visible_count,camera,1,1,1
2026-09-14 23:13:43,visible_count,camera,1,1,1
2026-09-14 23:13:43,visible_count,camera,1,1,1
2026-09-14 23:13:43,visible_count,camera,1,1,1
2026-09-14 23:13:43,visible_count,camera,1,1,1
2026-09-14 23:13:43,visible_count,camera,1,1,1
2026-09-14 23:13:44,visible_count,camera,1,1,1
2026-09-14 23:13:44,visible_count,camera,1,1,1
2026-09-14 23:13:44,visible_count,camera,1,1,1
2026-09-14 23:13:44,visible_count,camera,1,1,1
2026-09-14 23:13:44,visible_count,camera,1,1,1
2026-09-14 23:13:44,visible_count,camera,1,1,1
2026-09-14 23:13:44,visible_count,camera,1,1,1
2026-09-14 23:13:44,visible_count,camera,1,1,1
2026-09-14 23:13:44,visible_count,camera,1,1,1
2026-09-14 23:13:44,visible_count,camera,1,1,1
2026-09-14 23:13:44,visible_count,camera,1,1,1
2026-09-14 23:13:44,visible_count,camera,1,1,1
2026-09-14 23:13:44,visible_count,camera,1,1,1
2026-09-14 23:13:44,visible_count,camera,1,1,1
2026-09-14 23:13:44,visible_count,camera,1,1,1
2026-09-14 23:13:44,visible_count,camera,1,1,1
2026-09-14 23:13:44,visible_count,camera,1,1,1
2026-09-14 23:13:44,visible_count,camera,1,1,1
2026-09-14 23:13:45,visible_count,camera,1,1,1
2026-09-14 23:13:45,visible_count,camera,1,1,1
2026-09-14 23:13:45,visible_count,camera,1,1,1
2026-09-14 23:13:45,visible_count,camera,1,1,1
2026-09-14 23:13:45,visible_count,camera,1,1,1
2026-09-14 23:13:45,visible_count,camera,1,1,1
2026-09-14 23:13:45,visible_count,camera,1,1,1
2026-09-14 23:13:45,visible_count,camera,1,1,1
2026-09-14 23:13:45,visible_count,camera,1,1,1
2026-09-14 23:13:45,visible_count,camera,1,1,1
2026-09-14 23:13:45,visible_count,camera,1,1,1
2026-09-14 23:13:45,visible_count,camera,1,1,1
2026-09-14 23:13:45,visible_count,camera,1,1,1
2026-09-14 23:13:45,visible_count,camera,1,1,1
2026-09-14 23:13:45,visible_count,camera,1,1,1
2026-09-14 23:13:45,visible_count,camera,1,1,1
2026-09-14 23:13:45,visible_count,camera,1,1,1
2026-09-14 23:13:45,visible_count,camera,1,1,1
2026-09-14 23:13:45,visible_count,camera,1,1,1
2026-09-14 23:13:46,visible_count,camera,1,1,1
2026-09-15 00:01:35,visible_reading,camera,0,1,1
2026-09-15 00:09:55,visible_reading,camera,0,1,1
2026-09-15 11:06:17,visible_reading,camera,2,1,1
2026-09-15 12:25:08,visible_reading,camera,3,1,1
2026-09-15 12:44:54,visible_reading,camera,3,1,1
2026-09-15 12:47:29,visible_reading,camera,1,1,1
2026-09-15 12:47:57,visible_reading,camera,1,1,1
2026-09-15 12:53:40,visible_reading,camera,2,1,1
2026-09-15 12:57:18,visible_reading,camera,1,1,1
2026-09-15 12:57:39,visible_reading,camera,3,1,1
2026-09-15 12:59:29,visible_reading,camera,2,1,1
2026-09-15 13:01:16,visible_reading,camera,2,1,1
2026-09-15 13:01:45,visible_reading,camera,2,1,1
2026-09-15 13:03:21,visible_reading,camera,0,1,1
2026-09-15 13:39:35,visible_reading,camera,5,1,1
2026-09-15 13:45:41,visible_reading,camera,2,1,1
2026-09-15 13:53:20,visible_reading,camera,4,1,1
2026-09-15 13:54:23,visible_reading,camera,5,1,1
2026-09-15 13:56:32,visible_reading,camera,4,1,1
2026-09-15 13:57:54,visible_reading,camera,4,1,1
2026-09-15 13:58:33,visible_reading,camera,4,1,1
2026-09-15 13:59:30,visible_reading,camera,6,1,1
2026-09-15 14:01:06,visible_reading,camera,4,1,1
2026-09-15 14:16:47,visible_reading,camera,1,1,1
2026-09-15 14:17:42,visible_reading,camera,1,1,1
2026-09-15 14:18:05,visible_reading,camera,1,1,1
2026-09-15 14:18:19,visible_reading,camera,1,1,1
2026-09-15 14:18:53,visible_reading,camera,1,1,1
2026-09-15 14:19:06,visible_reading,camera,1,1,1
2026-09-15 14:19:27,visible_reading,camera,1,1,1
2026-09-15 14:22:25,visible_reading,camera,1,1,1
2026-09-15 14:22:33,visible_reading,camera,1,1,1
2026-09-15 14:24:31,visible_reading,camera,1,1,1
2026-09-15 15:48:41,visible_reading,camera,2,1,1
2026-09-15 15:49:19,visible_reading,camera,2,1,1
2026-09-15 15:50:07,visible_reading,camera,2,1,1
2026-09-15 15:51:54,visible_reading,camera,2,1,1
2026-09-15 15:52:41,visible_reading,camera,2,1,1
2026-09-16 09:11:42,visible_reading,camera,1,1,1
2026-09-16 09:12:01,visible_reading,camera,1,1,1
2026-09-16 09:12:24,visible_reading,camera,1,1,1
2026-09-16 09:14:41,visible_reading,camera,2,1,1
2026-09-20 15:30:07,visible_reading,0
2026-09-20 15:31:02,visible_reading,0
2026-09-20 15:31:48,visible_reading,0
2026-09-20 15:37:42,visible_reading,0
